{"cameraMode":{"drawMode":0,"name":"Shaded","section":"Shading Mode"},"sceneLighting":true,"audioPlay":false,"sceneViewState":{"m_AlwaysRefresh":false,"showFog":true,"showSkybox":true,"showFlares":true,"showImageEffects":true,"showParticleSystems":true,"showVisualEffectGraphs":true,"m_FxEnabled":true},"in2DMode":false,"pivot":{"x":-0.1587069183588028,"y":1.2207125425338746,"z":-2.3364272117614748},"rotation":{"x":-0.18854977190494538,"y":0.2868739366531372,"z":-0.05771447345614433,"w":-0.9373786449432373},"size":2.810864210128784,"orthographic":false}