{"cameraMode":{"drawMode":0,"name":"Shaded","section":"Shading Mode"},"sceneLighting":true,"audioPlay":false,"sceneViewState":{"m_AlwaysRefresh":false,"showFog":true,"showSkybox":true,"showFlares":true,"showImageEffects":true,"showParticleSystems":true,"showVisualEffectGraphs":true,"m_FxEnabled":true},"in2DMode":false,"pivot":{"x":9.003318786621094,"y":10.210687637329102,"z":-12.115200996398926},"rotation":{"x":-0.24771277606487275,"y":-0.4431396424770355,"z":0.12886512279510499,"w":-0.8518124222755432},"size":14.386698722839356,"orthographic":false}